"0","allCommitDates <- ymd_hms(allCommitDates)"
"0","allCommitDatesTW <- with_tz(allCommitDates,tz=""Asia/Taipei"")"
"0","allCommitDatesTW"
"1"," [1]"
"1"," ""2019-04-26 01:11:01 CST"""
"1"," ""2019-04-25 08:17:34 CST"""
"1"," ""2019-04-25 07:58:59 CST"""
"1","
"
"1"," [4]"
"1"," ""2019-04-25 07:44:07 CST"""
"1"," ""2019-04-25 07:23:21 CST"""
"1"," ""2019-04-25 07:21:54 CST"""
"1","
"
"1"," [7]"
"1"," ""2019-04-25 05:29:51 CST"""
"1"," ""2019-04-24 10:32:52 CST"""
"1"," ""2019-04-24 08:58:55 CST"""
"1","
"
"1","[10]"
"1"," ""2019-04-23 08:31:05 CST"""
"1"," ""2019-04-23 06:37:01 CST"""
"1"," ""2019-04-23 04:08:02 CST"""
"1","
"
"1","[13]"
"1"," ""2019-04-23 03:55:18 CST"""
"1"," ""2019-04-23 00:47:14 CST"""
"1"," ""2019-04-20 04:02:31 CST"""
"1","
"
"1","[16]"
"1"," ""2019-04-19 06:32:22 CST"""
"1"," ""2019-04-19 02:52:03 CST"""
"1"," ""2019-04-18 06:43:09 CST"""
"1","
"
"1","[19]"
"1"," ""2019-04-18 06:07:25 CST"""
"1"," ""2019-04-18 05:25:21 CST"""
"1"," ""2019-04-18 04:00:28 CST"""
"1","
"
"1","[22]"
"1"," ""2019-04-18 03:55:47 CST"""
"1"," ""2019-04-18 02:32:40 CST"""
"1"," ""2019-04-18 00:38:56 CST"""
"1","
"
"1","[25]"
"1"," ""2019-04-18 00:37:20 CST"""
"1"," ""2019-04-17 09:56:34 CST"""
"1"," ""2019-04-17 08:28:38 CST"""
"1","
"
"1","[28]"
"1"," ""2019-04-17 08:02:33 CST"""
"1"," ""2019-04-17 04:33:30 CST"""
"1"," ""2019-04-17 04:08:41 CST"""
"1","
"
