"0","library(lubridate); library(stringr); library(dplyr)"
"2","package ‘lubridate’ was built under R version 3.5.3"
"2","
Attaching package: ‘lubridate’

"
"2","The following object is masked from ‘package:base’:

    date

"
"2","package ‘stringr’ was built under R version 3.5.3"
"2","package ‘dplyr’ was built under R version 3.5.3"
"2","
Attaching package: ‘dplyr’

"
"2","The following objects are masked from ‘package:lubridate’:

    intersect, setdiff, union

"
"2","The following objects are masked from ‘package:stats’:

    filter, lag

"
"2","The following objects are masked from ‘package:base’:

    intersect, setdiff, setequal, union

"
